<?xml version="1.0" encoding="utf-8" ?>
<!DOCTYPE article PUBLIC "-//NLM//DTD JATS (Z39.96) Journal Archiving
and Interchange DTD v1.2 20190208//EN" "JATS-archivearticle1.dtd">

<article xmlns:mml="http://www.w3.org/1998/Math/MathML" xmlns:xlink="http://www.w3.org/1999/xlink" dtd-version="1.2" article-type="other">

<front>
<journal-meta>
<journal-id></journal-id>

<journal-title-group>
<journal-title>Ciències de la Terra i del Cel</journal-title>
</journal-title-group>
<issn></issn>

<publisher>
<publisher-name></publisher-name>
</publisher>
</journal-meta>


<article-meta>


<title-group>
<article-title>Terratrèmols a La Palma</article-title>
</title-group>

<contrib-group>
<contrib contrib-type="author" corresp="yes">
<contrib-id contrib-id-type="orcid">0000-0002-0760-5497</contrib-id>
<name>
<surname>Purves</surname>
<given-names>Steve</given-names>
</name>
<string-name>Steve Purves</string-name>

<email>steve@curvenote.com</email>
<role>Investigació</role>
<role>Administració del projecte</role>
<role>Programari</role>
<role>Visualitzacio</role>
<xref ref-type="aff" rid="aff-1">a</xref>
<xref ref-type="corresp" rid="cor-1">&#x002A;</xref>
</contrib>
<contrib contrib-type="author">
<contrib-id contrib-id-type="orcid">0000-0002-7859-8394</contrib-id>
<name>
<surname>Cockett</surname>
<given-names>Rowan</given-names>
</name>
<string-name>Rowan Cockett</string-name>

<xref ref-type="aff" rid="aff-1">a</xref>
</contrib>
</contrib-group>
<aff id="aff-1">
<institution-wrap>
<institution>Curvenote</institution>
</institution-wrap>







</aff>
<author-notes>
<corresp id="cor-1">steve@curvenote.com</corresp>
</author-notes>

<pub-date date-type="pub" publication-format="electronic" iso-8601-date="2026-02-03">
<year>2026</year>
<month>2</month>
<day>3</day>
</pub-date>







<history></history>


<abstract>
<p>En setembre de 2021, un bot significant en l’activitat sísma de
l’illa de La Palma (Illes Canàries, Espanya) va senyalar l’inici d’una
crisi volcànica que encara continua. Dades de terratrèmols són
arreplegades i publicades continuament per l’Institut Geográfic Nacional
(IGN).</p>
</abstract>
<kwd-group kwd-group-type="author">
<kwd>La Palma</kwd>
<kwd>Terratrèmols</kwd>
</kwd-group>




</article-meta>

</front>

<body>
<sec id="introducció">
  <title>1 Introducció</title>
  <fig id="fig-timeline">
    <caption><p>Figura 1: Cronologia de terratrèmols
    recents.</p></caption>
    <graphic mimetype="image" mime-subtype="png" xlink:href="index_files/figure-jats/fig-timeline-1.png" />
  </fig>
  <p>D’acorda amb dades que arriben a l’any 1971, les eurpcions a La
  Palma esdevenen cada 79.8 anys en terme mig.</p>
  <p>Estudis dels sistema magmàtic que alimenten el volcà, tal com
  Marrero et al.
  (<xref alt="2019" rid="ref-marrero2019" ref-type="bibr">2019</xref>),
  proposen que hi ha dos reserves principals de magma que alimenten el
  volcà de <italic>Cumbre Vieja</italic>; un al mantell (30-40 km de
  profunditat), que recarrega i alimenta alhora una reserva més
  superficial a l’escorça (10-20 km de profunditat).</p>
  <p>Huit erupcions han estat registrades des de finals del segle XV
  (<xref alt="Figura 1" rid="fig-timeline">Figura 1</xref>).</p>
  <p>Les dades i els mètodes són discutats en
  <xref alt="Secció 2" rid="sec-data-methods">Secció 2</xref>.</p>
  <p>Siga <inline-formula><alternatives>
  <tex-math><![CDATA[x]]></tex-math>
  <mml:math display="inline" xmlns:mml="http://www.w3.org/1998/Math/MathML"><mml:mi>x</mml:mi></mml:math></alternatives></inline-formula>
  el nombre d’erupcions en un any. Aleshores,
  <inline-formula><alternatives>
  <tex-math><![CDATA[x]]></tex-math>
  <mml:math display="inline" xmlns:mml="http://www.w3.org/1998/Math/MathML"><mml:mi>x</mml:mi></mml:math></alternatives></inline-formula>
  pot ser modelada per una distribució de Poisson</p>
  <p><styled-content id="eq-poisson"><disp-formula><alternatives>
  <tex-math><![CDATA[
  p(x) = \frac{e^{-\lambda} \lambda^{x}}{x !}
   \qquad(1)]]></tex-math>
  <mml:math display="block" xmlns:mml="http://www.w3.org/1998/Math/MathML"><mml:mrow><mml:mi>p</mml:mi><mml:mo stretchy="false" form="prefix">(</mml:mo><mml:mi>x</mml:mi><mml:mo stretchy="false" form="postfix">)</mml:mo><mml:mo>=</mml:mo><mml:mfrac><mml:mrow><mml:msup><mml:mi>e</mml:mi><mml:mrow><mml:mi>−</mml:mi><mml:mi>λ</mml:mi></mml:mrow></mml:msup><mml:msup><mml:mi>λ</mml:mi><mml:mi>x</mml:mi></mml:msup></mml:mrow><mml:mrow><mml:mi>x</mml:mi><mml:mi>!</mml:mi></mml:mrow></mml:mfrac><mml:mspace width="2.0em"></mml:mspace><mml:mo stretchy="false" form="prefix">(</mml:mo><mml:mn>1</mml:mn><mml:mo stretchy="false" form="postfix">)</mml:mo></mml:mrow></mml:math></alternatives></disp-formula></styled-content></p>
  <p>on <inline-formula><alternatives>
  <tex-math><![CDATA[\lambda]]></tex-math>
  <mml:math display="inline" xmlns:mml="http://www.w3.org/1998/Math/MathML"><mml:mi>λ</mml:mi></mml:math></alternatives></inline-formula>
  és la taxa d’erupcions per any. Utilitzant
  <xref alt="Equació 1" rid="eq-poisson">Equació 1</xref>, la
  probabilitat d’una erupció en els pròxims
  <inline-formula><alternatives>
  <tex-math><![CDATA[t]]></tex-math>
  <mml:math display="inline" xmlns:mml="http://www.w3.org/1998/Math/MathML"><mml:mi>t</mml:mi></mml:math></alternatives></inline-formula>
  anys pot ser calculada.</p>
  <fig id="tbl-history">
    <caption><p>Taula 1: Història recent d’erupcions a La
    Palma</p></caption>
    <table-wrap>
      <table>
        <thead>
          <tr>
            <th>Nome</th>
            <th>Any</th>
          </tr>
        </thead>
        <tbody>
          <tr>
            <td>Actual</td>
            <td>2021</td>
          </tr>
          <tr>
            <td>Teneguía</td>
            <td>1971</td>
          </tr>
          <tr>
            <td>Nambroque</td>
            <td>1949</td>
          </tr>
          <tr>
            <td>El Charco</td>
            <td>1712</td>
          </tr>
          <tr>
            <td>Volcán San Antonio</td>
            <td>1677</td>
          </tr>
          <tr>
            <td>Volcán San Martin</td>
            <td>1646</td>
          </tr>
          <tr>
            <td>Tajuya near El Paso</td>
            <td>1585</td>
          </tr>
          <tr>
            <td>Montaña Quemada</td>
            <td>1492</td>
          </tr>
        </tbody>
      </table>
    </table-wrap>
  </fig>
  <p><xref alt="Taula 1" rid="tbl-history">Taula 1</xref> resumeix les
  erupcions registrades des de la colonització de l’illa pels europeus
  cap a fnals del segle XV.</p>
  <fig id="fig-map">
    <caption><p>Figura 2: Mapa de La Palma</p></caption>
    <graphic mimetype="image" mime-subtype="png" xlink:href="images/la-palma-map.png" />
  </fig>
  <p>La Palma és una de les illes més occidentals de l’arxipèlag
  volcànic de les Illes Canàries
  (<xref alt="Figura 2" rid="fig-map">Figura 2</xref>).</p>
  <fig id="fig-spatial-plot">
    <caption><p>Figura 3: Localitats dels terratrèmols a La Palma des de
    2017</p></caption>
    <graphic mimetype="image" mime-subtype="png" xlink:href="index_files/figure-jats/notebooks-explore-earthquakes-fig-spatial-plot-output-1.png" />
  </fig>
  <p><xref alt="Figura 3" rid="fig-spatial-plot">Figura 3</xref> mostra
  la localització de terratrèmols recents a La Palma.</p>
</sec>
<sec id="sec-data-methods">
  <title>2 Dades i Mètodes</title>
</sec>
<sec id="conclusió">
  <title>3 Conclusió</title>
</sec>
</body>

<back>
<ref-list>
  <title>Referències</title>
  <ref id="ref-marrero2019">
    <element-citation publication-type="article-journal">
      <person-group person-group-type="author">
        <name><surname>Marrero</surname><given-names>José</given-names></name>
        <name><surname>García</surname><given-names>Alicia</given-names></name>
        <name><surname>Berrocoso</surname><given-names>Manuel</given-names></name>
        <name><surname>Llinares</surname><given-names>Ángeles</given-names></name>
        <name><surname>Rodríguez-Losada</surname><given-names>Antonio</given-names></name>
        <name><surname>Ortiz</surname><given-names>R.</given-names></name>
      </person-group>
      <article-title>Strategies for the development of volcanic hazard maps in monogenetic volcanic fields: the example of La Palma (Canary Islands)</article-title>
      <source>Journal of Applied Volcanology</source>
      <year iso-8601-date="2019-07">2019</year><month>07</month>
      <volume>8</volume>
      <pub-id pub-id-type="doi">10.1186/s13617-019-0085-5</pub-id>
      <fpage></fpage>
      <lpage></lpage>
    </element-citation>
  </ref>
</ref-list>
</back>

<sub-article article-type="notebook" id="nb-8-nb-article">
<front-stub>
<title-group>
<article-title>Terratrèmols a La Palma</article-title>
</title-group>
<contrib-group>
<contrib contrib-type="author" corresp="yes">
<contrib-id contrib-id-type="orcid">0000-0002-0760-5497</contrib-id>
<name>
<surname>Purves</surname>
<given-names>Steve</given-names>
</name>
<string-name>Steve Purves</string-name>

<email>steve@curvenote.com</email>
<role>Investigació</role>
<role>Administració del projecte</role>
<role>Programari</role>
<role>Visualitzacio</role>
<xref ref-type="aff" rid="aff-1-nb-article">a</xref>
<xref ref-type="corresp" rid="cor-1-nb-article">&#x002A;</xref>
</contrib>
<contrib contrib-type="author">
<contrib-id contrib-id-type="orcid">0000-0002-7859-8394</contrib-id>
<name>
<surname>Cockett</surname>
<given-names>Rowan</given-names>
</name>
<string-name>Rowan Cockett</string-name>

<xref ref-type="aff" rid="aff-1-nb-article">a</xref>
</contrib>
</contrib-group>
<aff id="aff-1-nb-article">
<institution-wrap>
<institution>Curvenote</institution>
</institution-wrap>







</aff>
<author-notes>
<corresp id="cor-1-nb-article">steve@curvenote.com</corresp>
</author-notes>
<abstract>
<p>En setembre de 2021, un bot significant en l’activitat sísma de
l’illa de La Palma (Illes Canàries, Espanya) va senyalar l’inici d’una
crisi volcànica que encara continua. Dades de terratrèmols són
arreplegades i publicades continuament per l’Institut Geográfic Nacional
(IGN).</p>
</abstract>
</front-stub>

<body>
<sec id="introducció-nb-article">
  <title>1 Introducció</title>
  <sec specific-use="notebook-content">
  <code language="r script">eruptions &lt;- c(1492, 1585, 1646, 1677, 1712, 1949, 1971, 2021)
n_eruptions &lt;- length(eruptions)</code>
  </sec>
  <sec id="cell-fig-timeline-nb-article" specific-use="notebook-content">
  <code language="r script">par(mar = c(3, 1, 1, 1) + 0.1)
plot(eruptions, rep(0, n_eruptions), 
  pch = &quot;|&quot;, axes = FALSE)
axis(1)
box()</code>
  <fig id="fig-timeline-nb-article">
    <caption><p>Figura 1: Cronologia de terratrèmols
    recents.</p></caption>
    <graphic mimetype="image" mime-subtype="png" xlink:href="index_files/figure-jats/fig-timeline-1.png" />
  </fig>
  </sec>
  <sec specific-use="notebook-content">
  <code language="r script">avg_years_between_eruptions &lt;- mean(diff(eruptions[-n_eruptions]))
avg_years_between_eruptions</code>
  <boxed-text>
    <preformat>[1] 79.83333</preformat>
  </boxed-text>
  </sec>
  <p>D’acorda amb dades que arriben a l’any 1971, les eurpcions a La
  Palma esdevenen cada 79.8 anys en terme mig.</p>
  <p>Estudis dels sistema magmàtic que alimenten el volcà, tal com
  Marrero et al.
  (<xref alt="2019" rid="ref-marrero2019-nb-article" ref-type="bibr">2019</xref>),
  proposen que hi ha dos reserves principals de magma que alimenten el
  volcà de <italic>Cumbre Vieja</italic>; un al mantell (30-40 km de
  profunditat), que recarrega i alimenta alhora una reserva més
  superficial a l’escorça (10-20 km de profunditat).</p>
  <p>Huit erupcions han estat registrades des de finals del segle XV
  (<xref alt="Figura 1" rid="fig-timeline-nb-article">Figura 1</xref>).</p>
  <p>Les dades i els mètodes són discutats en
  <xref alt="Secció 2" rid="sec-data-methods-nb-article">Secció 2</xref>.</p>
  <p>Siga <inline-formula><alternatives>
  <tex-math><![CDATA[x]]></tex-math>
  <mml:math display="inline" xmlns:mml="http://www.w3.org/1998/Math/MathML"><mml:mi>x</mml:mi></mml:math></alternatives></inline-formula>
  el nombre d’erupcions en un any. Aleshores,
  <inline-formula><alternatives>
  <tex-math><![CDATA[x]]></tex-math>
  <mml:math display="inline" xmlns:mml="http://www.w3.org/1998/Math/MathML"><mml:mi>x</mml:mi></mml:math></alternatives></inline-formula>
  pot ser modelada per una distribució de Poisson</p>
  <p><styled-content id="eq-poisson-nb-article"><disp-formula><alternatives>
  <tex-math><![CDATA[
  p(x) = \frac{e^{-\lambda} \lambda^{x}}{x !}
   \qquad(1)]]></tex-math>
  <mml:math display="block" xmlns:mml="http://www.w3.org/1998/Math/MathML"><mml:mrow><mml:mi>p</mml:mi><mml:mo stretchy="false" form="prefix">(</mml:mo><mml:mi>x</mml:mi><mml:mo stretchy="false" form="postfix">)</mml:mo><mml:mo>=</mml:mo><mml:mfrac><mml:mrow><mml:msup><mml:mi>e</mml:mi><mml:mrow><mml:mi>−</mml:mi><mml:mi>λ</mml:mi></mml:mrow></mml:msup><mml:msup><mml:mi>λ</mml:mi><mml:mi>x</mml:mi></mml:msup></mml:mrow><mml:mrow><mml:mi>x</mml:mi><mml:mi>!</mml:mi></mml:mrow></mml:mfrac><mml:mspace width="2.0em"></mml:mspace><mml:mo stretchy="false" form="prefix">(</mml:mo><mml:mn>1</mml:mn><mml:mo stretchy="false" form="postfix">)</mml:mo></mml:mrow></mml:math></alternatives></disp-formula></styled-content></p>
  <p>on <inline-formula><alternatives>
  <tex-math><![CDATA[\lambda]]></tex-math>
  <mml:math display="inline" xmlns:mml="http://www.w3.org/1998/Math/MathML"><mml:mi>λ</mml:mi></mml:math></alternatives></inline-formula>
  és la taxa d’erupcions per any. Utilitzant
  <xref alt="Equació 1" rid="eq-poisson-nb-article">Equació 1</xref>, la
  probabilitat d’una erupció en els pròxims
  <inline-formula><alternatives>
  <tex-math><![CDATA[t]]></tex-math>
  <mml:math display="inline" xmlns:mml="http://www.w3.org/1998/Math/MathML"><mml:mi>t</mml:mi></mml:math></alternatives></inline-formula>
  anys pot ser calculada.</p>
  <fig id="tbl-history-nb-article">
    <caption><p>Taula 1: Història recent d’erupcions a La
    Palma</p></caption>
    <table-wrap>
      <table>
        <thead>
          <tr>
            <th>Nome</th>
            <th>Any</th>
          </tr>
        </thead>
        <tbody>
          <tr>
            <td>Actual</td>
            <td>2021</td>
          </tr>
          <tr>
            <td>Teneguía</td>
            <td>1971</td>
          </tr>
          <tr>
            <td>Nambroque</td>
            <td>1949</td>
          </tr>
          <tr>
            <td>El Charco</td>
            <td>1712</td>
          </tr>
          <tr>
            <td>Volcán San Antonio</td>
            <td>1677</td>
          </tr>
          <tr>
            <td>Volcán San Martin</td>
            <td>1646</td>
          </tr>
          <tr>
            <td>Tajuya near El Paso</td>
            <td>1585</td>
          </tr>
          <tr>
            <td>Montaña Quemada</td>
            <td>1492</td>
          </tr>
        </tbody>
      </table>
    </table-wrap>
  </fig>
  <p><xref alt="Taula 1" rid="tbl-history-nb-article">Taula 1</xref> resumeix les
  erupcions registrades des de la colonització de l’illa pels europeus
  cap a fnals del segle XV.</p>
  <fig id="fig-map-nb-article">
    <caption><p>Figura 2: Mapa de La Palma</p></caption>
    <graphic mimetype="image" mime-subtype="png" xlink:href="images/la-palma-map.png" />
  </fig>
  <p>La Palma és una de les illes més occidentals de l’arxipèlag
  volcànic de les Illes Canàries
  (<xref alt="Figura 2" rid="fig-map-nb-article">Figura 2</xref>).</p>
  <sec id="cell-fig-spatial-plot-nb-article" specific-use="notebook-content">
  <code language="python">la_palma |&gt; 
  ggplot(aes(Longitude, Latitude)) +
  geom_point(aes(color = Magnitude, size = 40-`Depth(km)`)) +
  scale_color_viridis_c(direction = -1) + 
  scale_size(range = c(0.5, 2), guide = &quot;none&quot;) +
  theme_bw()</code>
  <boxed-text>
    <fig id="fig-spatial-plot-nb-article">
      <caption><p>Figura 3: Localitats dels terratrèmols a La Palma des
      de 2017</p></caption>
      <graphic mimetype="image" mime-subtype="png" xlink:href="index_files/figure-jats/notebooks-explore-earthquakes-fig-spatial-plot-output-1.png" />
    </fig>
  </boxed-text>
  </sec>
  <p><xref alt="Figura 3" rid="fig-spatial-plot-nb-article">Figura 3</xref> mostra
  la localització de terratrèmols recents a La Palma.</p>
</sec>
<sec id="sec-data-methods-nb-article">
  <title>2 Dades i Mètodes</title>
</sec>
<sec id="conclusió-nb-article">
  <title>3 Conclusió</title>
</sec>
</body>



<back>
<ref-list>
  <title>Referències</title>
  <ref id="ref-marrero2019-nb-article">
    <element-citation publication-type="article-journal">
      <person-group person-group-type="author">
        <name><surname>Marrero</surname><given-names>José</given-names></name>
        <name><surname>García</surname><given-names>Alicia</given-names></name>
        <name><surname>Berrocoso</surname><given-names>Manuel</given-names></name>
        <name><surname>Llinares</surname><given-names>Ángeles</given-names></name>
        <name><surname>Rodríguez-Losada</surname><given-names>Antonio</given-names></name>
        <name><surname>Ortiz</surname><given-names>R.</given-names></name>
      </person-group>
      <article-title>Strategies for the development of volcanic hazard maps in monogenetic volcanic fields: the example of La Palma (Canary Islands)</article-title>
      <source>Journal of Applied Volcanology</source>
      <year iso-8601-date="2019-07">2019</year><month>07</month>
      <volume>8</volume>
      <pub-id pub-id-type="doi">10.1186/s13617-019-0085-5</pub-id>
      <fpage></fpage>
      <lpage></lpage>
    </element-citation>
  </ref>
</ref-list>
</back>


</sub-article>
<sub-article article-type="notebook" id="nb-4-nb-1">
<front-stub>
<title-group>
<article-title>Exploració de terratrèmols</article-title>
</title-group>
<contrib-group>
<contrib contrib-type="author">
<name>
<surname>Wickham</surname>
<given-names>Charlotte</given-names>
</name>
<string-name>Charlotte Wickham</string-name>

</contrib>
</contrib-group>
</front-stub>

<body>
<sec specific-use="notebook-content">
<code language="r script">library(tidyverse)
</code>
<boxed-text>
  <preformat>── Attaching core tidyverse packages ──────────────────────── tidyverse 2.0.0 ──
✔ dplyr     1.1.4     ✔ readr     2.1.5
✔ forcats   1.0.0     ✔ stringr   1.5.1
✔ ggplot2   3.5.2     ✔ tibble    3.3.0
✔ lubridate 1.9.4     ✔ tidyr     1.3.1
✔ purrr     1.0.4     
── Conflicts ────────────────────────────────────────── tidyverse_conflicts() ──
✖ dplyr::filter() masks stats::filter()
✖ dplyr::lag()    masks stats::lag()
ℹ Use the conflicted package (&lt;http://conflicted.r-lib.org/&gt;) to force all conflicts to become errors</preformat>
</boxed-text>
</sec>
<p>Llegir i endreçar les dades:</p>
<sec specific-use="notebook-content">
<code language="r script">la_palma &lt;- read_csv(&quot;la-palma.csv&quot;)
</code>
<boxed-text>
  <preformat>Rows: 11347 Columns: 5
── Column specification ────────────────────────────────────────────────────────
Delimiter: &quot;,&quot;
dbl  (4): Longitude, Latitude, Depth(km), Magnitude
dttm (1): DateTime

ℹ Use `spec()` to retrieve the full column specification for this data.
ℹ Specify the column types or set `show_col_types = FALSE` to quiet this message.</preformat>
</boxed-text>
</sec>
<p>Creació d’un gràfic espacial:</p>
<sec id="cell-fig-spatial-plot-nb-1" specific-use="notebook-content">
<code language="r script">
la_palma |&gt; 
  ggplot(aes(Longitude, Latitude)) +
  geom_point(aes(color = Magnitude, size = 40-`Depth(km)`)) +
  scale_color_viridis_c(direction = -1) + 
  scale_size(range = c(0.5, 2), guide = &quot;none&quot;) +
  theme_bw()
</code>
<fig id="fig-spatial-plot-nb-1">
  <caption><p>Localitats dels terratrèmols a La Palma des de
  2017</p></caption>
  <graphic mimetype="image" mime-subtype="png" xlink:href="explore-earthquakes_files/figure-jats/fig-spatial-plot-1.png" />
</fig>
</sec>
</body>



<back>
</back>


</sub-article>

</article>