{
  "hash": "2f1943247367914b7fc79722a14232c1",
  "result": {
    "engine": "knitr",
    "markdown": "---\ntitle: Terratrèmols a La Palma\nauthor:\n  - name: Steve Purves\n    orcid: 0000-0002-0760-5497\n    corresponding: true\n    email: steve@curvenote.com\n    roles:\n      - Investigació\n      - Administració del projecte\n      - Programari\n      - Visualitzacio\n    affiliations:\n      - Curvenote\n  - name: Rowan Cockett\n    orcid: 0000-0002-7859-8394\n    corresponding: false\n    roles: []\n    affiliations:\n      - Curvenote\nkeywords:\n  - La Palma\n  - Terratrèmols\nabstract: |\n  En setembre de 2021, un bot significant en l'activitat sísma de l'illa de La Palma (Illes Canàries, Espanya) va senyalar l'inici d'una crisi volcànica que encara continua. Dades de terratrèmols són arreplegades i publicades continuament per l'Institut Geográfic Nacional (IGN).\nplain-language-summary: |\n  Dades de terratrèmols a l'illa de La Palma des de l'erupció de setembre de 2021...\nkey-points:\n  - S'ha desenvolupat un script per arreplegar dades automàticament de l'Instituto Geográfico Nacional.\n  - Els terratrèmols en La Palma són consistents amb la presència de reserves en la crost ai el mantell.\ndate: last-modified\nbibliography: references.bib\ncitation:\n  container-title: Ciències de la Terra i del Cel\nnumber-sections: true\n---\n\n## Introducció\n\n\n::: {.cell}\n\n```{.r .cell-code .hidden}\neruptions <- c(1492, 1585, 1646, 1677, 1712, 1949, 1971, 2021)\nn_eruptions <- length(eruptions)\n```\n:::\n\n\n\n::: {#cell-fig-timeline .cell}\n\n```{.r .cell-code .hidden}\npar(mar = c(3, 1, 1, 1) + 0.1)\nplot(eruptions, rep(0, n_eruptions), \n  pch = \"|\", axes = FALSE)\naxis(1)\nbox()\n```\n\n::: {.cell-output-display}\n![Cronologia de terratrèmols recents.](index_files/figure-jats/fig-timeline-1.png){#fig-timeline fig-alt='Gráfica dels moments en què es van produir les últimes 8 erupcions en La Palma.'}\n:::\n:::\n\n\n\n::: {.cell}\n\n```{.r .cell-code .hidden}\navg_years_between_eruptions <- mean(diff(eruptions[-n_eruptions]))\navg_years_between_eruptions\n```\n\n::: {.cell-output .cell-output-stdout .hidden}\n\n```\n[1] 79.83333\n```\n\n\n:::\n:::\n\n\nD'acorda amb dades que arriben a l'any 1971, les eurpcions a La Palma esdevenen cada 79.8 anys en terme mig.\n\nEstudis dels sistema magmàtic que alimenten el volcà, tal com @marrero2019, proposen que hi ha dos reserves principals de magma que alimenten el volcà de *Cumbre Vieja*; un al mantell (30-40 km de profunditat), que recarrega i alimenta alhora una reserva més superficial a l'escorça (10-20 km de profunditat).\n\nHuit erupcions han estat registrades des de finals del segle XV (@fig-timeline).\n\nLes dades i els mètodes són discutats en @sec-data-methods.\n\nSiga $x$ el nombre d'erupcions en un any. Aleshores, $x$ pot ser modelada per una distribució de Poisson\n\n$$\np(x) = \\frac{e^{-\\lambda} \\lambda^{x}}{x !}\n$$ {#eq-poisson}\n\non $\\lambda$ és la taxa d'erupcions per any. Utilitzant @eq-poisson, la probabilitat d'una erupció en els pròxims $t$ anys pot ser calculada.\n\n| Nome                 | Any   |\n| -------------------- | ------ |\n| Actual               | 2021   |\n| Teneguía             | 1971   |\n| Nambroque            | 1949   |\n| El Charco            | 1712   |\n| Volcán San Antonio   | 1677   |\n| Volcán San Martin    | 1646   |\n| Tajuya near El Paso  | 1585   |\n| Montaña Quemada      | 1492   |\n\n: Història recent d'erupcions a La Palma {#tbl-history}\n\n@tbl-history resumeix les erupcions registrades des de la colonització de l'illa pels europeus cap a fnals del segle XV.\n\n![Mapa de La Palma](images/la-palma-map.png){#fig-map}\n\nLa Palma és una de les illes més occidentals de l'arxipèlag volcànic de les Illes Canàries (@fig-map).\n\n{{< embed notebooks/explore-earthquakes.qmd#fig-spatial-plot >}}\n\n@fig-spatial-plot mostra la localització de terratrèmols recents a La Palma.\n\n## Dades i Mètodes {#sec-data-methods}\n\n## Conclusió\n\n## Referències {.unnumbered}\n\n:::{#refs}\n\n:::",
    "supporting": [
      "index_files/figure-jats"
    ],
    "filters": [
      "rmarkdown/pagebreak.lua"
    ],
    "includes": {},
    "engineDependencies": {},
    "preserve": null,
    "postProcess": false
  }
}